tamanho,conjunto,instancia,tempo (ms),valor solução,sol piecerank
400x400,conjunto 2,1,79034,72,"82,60"
400x400,conjunto 2,2,76090,72,"82,60"
400x400,conjunto 2,3,77229,70,"82,60"
400x400,conjunto 2,4,76829,71,"82,60"
400x400,conjunto 2,5,79634,78,"82,60"
400x400,conjunto 2,6,80892,66,"82,60"
400x400,conjunto 2,7,75737,62,"82,60"
400x400,conjunto 2,8,79312,77,"82,60"
400x400,conjunto 2,9,82229,68,"82,60"
400x400,conjunto 2,10,79310,74,"82,60"
400x400,conjunto 4,1,95685,145,"177,60"
400x400,conjunto 4,2,98201,161,"177,60"
400x400,conjunto 4,3,93719,161,"177,60"
400x400,conjunto 4,4,102977,163,"177,60"
400x400,conjunto 4,5,101694,168,"177,60"
400x400,conjunto 4,6,101900,168,"177,60"
400x400,conjunto 4,7,101892,157,"177,60"
400x400,conjunto 4,8,102357,169,"177,60"
400x400,conjunto 4,9,105907,170,"177,60"
400x400,conjunto 4,10,97227,168,"177,60"
400x400,conjunto 6,1,123232,232,"254,80"
400x400,conjunto 6,2,124902,239,"254,80"
400x400,conjunto 6,3,143166,238,"254,80"
400x400,conjunto 6,4,121586,244,"254,80"
400x400,conjunto 6,5,122975,239,"254,80"
400x400,conjunto 6,6,137985,246,"254,80"
400x400,conjunto 6,7,124022,244,"254,80"
400x400,conjunto 6,8,122994,235,"254,80"
400x400,conjunto 6,9,65868,253,"254,80"
400x400,conjunto 6,10,125905,246,"254,80"
400x400,conjunto 8,1,145512,286,"302,80"
400x400,conjunto 8,2,161744,290,"302,80"
400x400,conjunto 8,3,157761,291,"302,80"
400x400,conjunto 8,4,157592,294,"302,80"
400x400,conjunto 8,5,80244,296,"302,80"
400x400,conjunto 8,6,154676,294,"302,80"
400x400,conjunto 8,7,153946,289,"302,80"
400x400,conjunto 8,8,151811,297,"302,80"
400x400,conjunto 8,9,153547,298,"302,80"
400x400,conjunto 8,10,153917,294,"302,80"
400x400,conjunto 10,1,178725,323,"331,40"
400x400,conjunto 10,2,170912,326,"331,40"
400x400,conjunto 10,3,175086,324,"331,40"
400x400,conjunto 10,4,178997,322,"331,40"
400x400,conjunto 10,5,175206,321,"331,40"
400x400,conjunto 10,6,173855,324,"331,40"
400x400,conjunto 10,7,180607,328,"331,40"
400x400,conjunto 10,8,181357,324,"331,40"
400x400,conjunto 10,9,180157,319,"331,40"
400x400,conjunto 10,10,175019,322,"331,40"
400x400,conjunto 14,1,225763,356,"361,70"
400x400,conjunto 14,2,223132,358,"361,70"
400x400,conjunto 14,3,226260,356,"361,70"
400x400,conjunto 14,4,217926,355,"361,70"
400x400,conjunto 14,5,237510,356,"361,70"
400x400,conjunto 14,6,237063,357,"361,70"
400x400,conjunto 14,7,232371,359,"361,70"
400x400,conjunto 14,8,229445,357,"361,70"
400x400,conjunto 14,9,238693,357,"361,70"
400x400,conjunto 14,10,224230,356,"361,70"
400x400,conjunto 18,1,280044,372,"375,60"
400x400,conjunto 18,2,267681,373,"375,60"
400x400,conjunto 18,3,268035,374,"375,60"
400x400,conjunto 18,4,279615,372,"375,60"
400x400,conjunto 18,5,271900,373,"375,60"
400x400,conjunto 18,6,283504,374,"375,60"
400x400,conjunto 18,7,283426,375,"375,60"
400x400,conjunto 18,8,275055,374,"375,60"
400x400,conjunto 18,9,277159,373,"375,60"
400x400,conjunto 18,10,277963,373,"375,60"
400x400,conjunto 20,1,285571,378,"380,40"
400x400,conjunto 20,2,301433,378,"380,40"
400x400,conjunto 20,3,306659,378,"380,40"
400x400,conjunto 20,4,299793,376,"380,40"
400x400,conjunto 20,5,291113,378,"380,40"
400x400,conjunto 20,6,278065,379,"380,40"
400x400,conjunto 20,7,313605,379,"380,40"
400x400,conjunto 20,8,307144,379,"380,40"
400x400,conjunto 20,9,299851,378,"380,40"
400x400,conjunto 20,10,310547,378,"380,40"
400x400,conjunto 24,1,353398,385,"386,70"
400x400,conjunto 24,2,342676,384,"386,70"
400x400,conjunto 24,3,374643,384,"386,70"
400x400,conjunto 24,4,172549,384,"386,70"
400x400,conjunto 24,5,340842,385,"386,70"
400x400,conjunto 24,6,345012,385,"386,70"
400x400,conjunto 24,7,358829,385,"386,70"
400x400,conjunto 24,8,353382,384,"386,70"
400x400,conjunto 24,9,346464,385,"386,70"
400x400,conjunto 24,10,347824,385,"386,70"
400x400,conjunto 28,1,392495,390,"390,10"
400x400,conjunto 28,2,410458,389,"390,10"
400x400,conjunto 28,3,414734,390,"390,10"
400x400,conjunto 28,4,412177,389,"390,10"
400x400,conjunto 28,5,416903,389,"390,10"
400x400,conjunto 28,6,381144,389,"390,10"
400x400,conjunto 28,7,377377,389,"390,10"
400x400,conjunto 28,8,394040,390,"390,10"
400x400,conjunto 28,9,407525,389,"390,10"
400x400,conjunto 28,10,396229,389,"390,10"
400x400,conjunto 30,1,428510,390,"391,70"
400x400,conjunto 30,2,417744,391,"391,70"
400x400,conjunto 30,3,437741,390,"391,70"
400x400,conjunto 30,4,444615,390,"391,70"
400x400,conjunto 30,5,418631,390,"391,70"
400x400,conjunto 30,6,424819,391,"391,70"
400x400,conjunto 30,7,414403,391,"391,70"
400x400,conjunto 30,8,426368,391,"391,70"
400x400,conjunto 30,9,423760,391,"391,70"
400x400,conjunto 30,10,433729,391,"391,70"
400x400,conjunto 34,1,475606,393,"393,90"
400x400,conjunto 34,2,473704,393,"393,90"
400x400,conjunto 34,3,461181,394,"393,90"
400x400,conjunto 34,4,461641,393,"393,90"
400x400,conjunto 34,5,450429,393,"393,90"
400x400,conjunto 34,6,472720,393,"393,90"
400x400,conjunto 34,7,439446,393,"393,90"
400x400,conjunto 34,8,229483,393,"393,90"
400x400,conjunto 34,9,492392,393,"393,90"
400x400,conjunto 34,10,463784,393,"393,90"
600x600,conjunto 2,1,127058,96,"125,40"
600x600,conjunto 2,2,127440,104,"125,40"
600x600,conjunto 2,3,130245,101,"125,40"
600x600,conjunto 2,4,130310,107,"125,40"
600x600,conjunto 2,5,133672,112,"125,40"
600x600,conjunto 2,6,128983,109,"125,40"
600x600,conjunto 2,7,126634,104,"125,40"
600x600,conjunto 2,8,133040,115,"125,40"
600x600,conjunto 2,9,134862,102,"125,40"
600x600,conjunto 2,10,126854,108,"125,40"
600x600,conjunto 4,1,158641,230,"266,40"
600x600,conjunto 4,2,169710,235,"266,40"
600x600,conjunto 4,3,169057,239,"266,40"
600x600,conjunto 4,4,165860,234,"266,40"
600x600,conjunto 4,5,165197,255,"266,40"
600x600,conjunto 4,6,167830,251,"266,40"
600x600,conjunto 4,7,162378,244,"266,40"
600x600,conjunto 4,8,168048,250,"266,40"
600x600,conjunto 4,9,87915,245,"266,40"
600x600,conjunto 4,10,163433,246,"266,40"
600x600,conjunto 6,1,211857,356,"379,20"
600x600,conjunto 6,2,209994,353,"379,20"
600x600,conjunto 6,3,208958,363,"379,20"
600x600,conjunto 6,4,210422,347,"379,20"
600x600,conjunto 6,5,207189,367,"379,20"
600x600,conjunto 6,6,214075,368,"379,20"
600x600,conjunto 6,7,208839,364,"379,20"
600x600,conjunto 6,8,213078,368,"379,20"
600x600,conjunto 6,9,208968,365,"379,20"
600x600,conjunto 6,10,212351,364,"379,20"
600x600,conjunto 8,1,246996,436,"452,60"
600x600,conjunto 8,2,134132,438,"452,60"
600x600,conjunto 8,3,261896,446,"452,60"
600x600,conjunto 8,4,252687,430,"452,60"
600x600,conjunto 8,5,248794,435,"452,60"
600x600,conjunto 8,6,241468,441,"452,60"
600x600,conjunto 8,7,246126,435,"452,60"
600x600,conjunto 8,8,248208,445,"452,60"
600x600,conjunto 8,9,254012,436,"452,60"
600x600,conjunto 8,10,122951,439,"452,60"
600x600,conjunto 10,1,290831,484,"494,50"
600x600,conjunto 10,2,285094,483,"494,50"
600x600,conjunto 10,3,297000,490,"494,50"
600x600,conjunto 10,4,286796,480,"494,50"
600x600,conjunto 10,5,267288,483,"494,50"
600x600,conjunto 10,6,284799,488,"494,50"
600x600,conjunto 10,7,283387,481,"494,50"
600x600,conjunto 10,8,280317,487,"494,50"
600x600,conjunto 10,9,288877,483,"494,50"
600x600,conjunto 10,10,287482,489,"494,50"
600x600,conjunto 14,1,370806,533,"540,10"
600x600,conjunto 14,2,355601,532,"540,10"
600x600,conjunto 14,3,353525,531,"540,10"
600x600,conjunto 14,4,338863,534,"540,10"
600x600,conjunto 14,5,350009,534,"540,10"
600x600,conjunto 14,6,362978,535,"540,10"
600x600,conjunto 14,7,369042,534,"540,10"
600x600,conjunto 14,8,365390,534,"540,10"
600x600,conjunto 14,9,358341,532,"540,10"
600x600,conjunto 14,10,356164,534,"540,10"
600x600,conjunto 18,1,463277,558,"562,00"
600x600,conjunto 18,2,419829,558,"562,00"
600x600,conjunto 18,3,427153,558,"562,00"
600x600,conjunto 18,4,447870,557,"562,00"
600x600,conjunto 18,5,429262,559,"562,00"
600x600,conjunto 18,6,429887,558,"562,00"
600x600,conjunto 18,7,426705,558,"562,00"
600x600,conjunto 18,8,451836,557,"562,00"
600x600,conjunto 18,9,437073,558,"562,00"
600x600,conjunto 18,10,438628,559,"562,00"
600x600,conjunto 20,1,462234,566,"569,90"
600x600,conjunto 20,2,469585,566,"569,90"
600x600,conjunto 20,3,473823,565,"569,90"
600x600,conjunto 20,4,481676,566,"569,90"
600x600,conjunto 20,5,499764,567,"569,90"
600x600,conjunto 20,6,490804,567,"569,90"
600x600,conjunto 20,7,486749,568,"569,90"
600x600,conjunto 20,8,477406,566,"569,90"
600x600,conjunto 20,9,497539,565,"569,90"
600x600,conjunto 20,10,455160,566,"569,90"
600x600,conjunto 24,1,553797,576,"577,30"
600x600,conjunto 24,2,560652,576,"577,30"
600x600,conjunto 24,3,535118,577,"577,30"
600x600,conjunto 24,4,562045,577,"577,30"
600x600,conjunto 24,5,560792,576,"577,30"
600x600,conjunto 24,6,281320,577,"577,30"
600x600,conjunto 24,7,531240,577,"577,30"
600x600,conjunto 24,8,570145,578,"577,30"
600x600,conjunto 24,9,550952,577,"577,30"
600x600,conjunto 24,10,526191,575,"577,30"
600x600,conjunto 28,1,644543,583,"584,20"
600x600,conjunto 28,2,598101,583,"584,20"
600x600,conjunto 28,3,605430,583,"584,20"
600x600,conjunto 28,4,660501,583,"584,20"
600x600,conjunto 28,5,613300,583,"584,20"
600x600,conjunto 28,6,640705,583,"584,20"
600x600,conjunto 28,7,638591,583,"584,20"
600x600,conjunto 28,8,602053,583,"584,20"
600x600,conjunto 28,9,586603,582,"584,20"
600x600,conjunto 28,10,570388,584,"584,20"
600x600,conjunto 30,1,662264,586,"586,60"
600x600,conjunto 30,2,652117,585,"586,60"
600x600,conjunto 30,3,643290,585,"586,60"
600x600,conjunto 30,4,639086,584,"586,60"
600x600,conjunto 30,5,649539,586,"586,60"
600x600,conjunto 30,6,664906,584,"586,60"
600x600,conjunto 30,7,642306,586,"586,60"
600x600,conjunto 30,8,656046,586,"586,60"
600x600,conjunto 30,9,616943,586,"586,60"
600x600,conjunto 30,10,695098,585,"586,60"
600x600,conjunto 34,1,715619,589,"590,00"
600x600,conjunto 34,2,712112,589,"590,00"
600x600,conjunto 34,3,706406,587,"590,00"
600x600,conjunto 34,4,726979,589,"590,00"
600x600,conjunto 34,5,717996,589,"590,00"
600x600,conjunto 34,6,714164,588,"590,00"
600x600,conjunto 34,7,720473,589,"590,00"
600x600,conjunto 34,8,711796,589,"590,00"
600x600,conjunto 34,9,715469,588,"590,00"
600x600,conjunto 34,10,742597,589,"590,00"
600x600,conjunto 38,1,784969,592,"591,60"
600x600,conjunto 38,2,400532,590,"591,60"
600x600,conjunto 38,3,774431,591,"591,60"
600x600,conjunto 38,4,788493,591,"591,60"
600x600,conjunto 38,5,398000,591,"591,60"
600x600,conjunto 38,6,775855,591,"591,60"
600x600,conjunto 38,7,817637,591,"591,60"
600x600,conjunto 38,8,817511,591,"591,60"
600x600,conjunto 38,9,779673,591,"591,60"
600x600,conjunto 38,10,781718,591,"591,60"
600x600,conjunto 40,1,777633,592,"592,90"
600x600,conjunto 40,2,827296,592,"592,90"
600x600,conjunto 40,3,832801,592,"592,90"
600x600,conjunto 40,4,823378,593,"592,90"
600x600,conjunto 40,5,780915,592,"592,90"
600x600,conjunto 40,6,817688,593,"592,90"
600x600,conjunto 40,7,816444,592,"592,90"
600x600,conjunto 40,8,845393,592,"592,90"
600x600,conjunto 40,9,855519,592,"592,90"
600x600,conjunto 40,10,882180,592,"592,90"
800x800,conjunto 2,1,175358,131,"161,50"
800x800,conjunto 2,2,193863,129,"161,50"
800x800,conjunto 2,3,187604,140,"161,50"
800x800,conjunto 2,4,188892,139,"161,50"
800x800,conjunto 2,5,190271,144,"161,50"
800x800,conjunto 2,6,188882,132,"161,50"
800x800,conjunto 2,7,186890,143,"161,50"
800x800,conjunto 2,8,194515,129,"161,50"
800x800,conjunto 2,9,186630,136,"161,50"
800x800,conjunto 2,10,181550,141,"161,50"
800x800,conjunto 4,1,239648,334,"354,70"
800x800,conjunto 4,2,250667,322,"354,70"
800x800,conjunto 4,3,257605,329,"354,70"
800x800,conjunto 4,4,229591,315,"354,70"
800x800,conjunto 4,5,241832,332,"354,70"
800x800,conjunto 4,6,236311,324,"354,70"
800x800,conjunto 4,7,235298,314,"354,70"
800x800,conjunto 4,8,252649,325,"354,70"
800x800,conjunto 4,9,252071,315,"354,70"
800x800,conjunto 4,10,243329,315,"354,70"
800x800,conjunto 6,1,296941,491,"504,20"
800x800,conjunto 6,2,294232,480,"504,20"
800x800,conjunto 6,3,296721,475,"504,20"
800x800,conjunto 6,4,276704,475,"504,20"
800x800,conjunto 6,5,295614,478,"504,20"
800x800,conjunto 6,6,286364,481,"504,20"
800x800,conjunto 6,7,307477,485,"504,20"
800x800,conjunto 6,8,278312,488,"504,20"
800x800,conjunto 6,9,294590,474,"504,20"
800x800,conjunto 6,10,291495,479,"504,20"
800x800,conjunto 8,1,351912,580,"596,60"
800x800,conjunto 8,2,359940,585,"596,60"
800x800,conjunto 8,3,336164,582,"596,60"
800x800,conjunto 8,4,359727,584,"596,60"
800x800,conjunto 8,5,354364,595,"596,60"
800x800,conjunto 8,6,346382,574,"596,60"
800x800,conjunto 8,7,336922,578,"596,60"
800x800,conjunto 8,8,343379,582,"596,60"
800x800,conjunto 8,9,340611,576,"596,60"
800x800,conjunto 8,10,332673,583,"596,60"
800x800,conjunto 10,1,410945,641,"658,50"
800x800,conjunto 10,2,396037,649,"658,50"
800x800,conjunto 10,3,378410,652,"658,50"
800x800,conjunto 10,4,412868,646,"658,50"
800x800,conjunto 10,5,412330,650,"658,50"
800x800,conjunto 10,6,412013,646,"658,50"
800x800,conjunto 10,7,421929,649,"658,50"
800x800,conjunto 10,8,415414,647,"658,50"
800x800,conjunto 10,9,380800,648,"658,50"
800x800,conjunto 10,10,398136,647,"658,50"
800x800,conjunto 14,1,520316,711,"720,50"
800x800,conjunto 14,2,474258,708,"720,50"
800x800,conjunto 14,3,468808,714,"720,50"
800x800,conjunto 14,4,482829,715,"720,50"
800x800,conjunto 14,5,496630,717,"720,50"
800x800,conjunto 14,6,491564,713,"720,50"
800x800,conjunto 14,7,514773,712,"720,50"
800x800,conjunto 14,8,483036,714,"720,50"
800x800,conjunto 14,9,501510,715,"720,50"
800x800,conjunto 14,10,514937,712,"720,50"
800x800,conjunto 18,1,608653,745,"749,80"
800x800,conjunto 18,2,307008,743,"749,80"
800x800,conjunto 18,3,630737,745,"749,80"
800x800,conjunto 18,4,589075,745,"749,80"
800x800,conjunto 18,5,632043,745,"749,80"
800x800,conjunto 18,6,607362,743,"749,80"
800x800,conjunto 18,7,599375,744,"749,80"
800x800,conjunto 18,8,622530,746,"749,80"
800x800,conjunto 18,9,298837,745,"749,80"
800x800,conjunto 18,10,615905,744,"749,80"
800x800,conjunto 20,1,643680,754,"758,40"
800x800,conjunto 20,2,616150,755,"758,40"
800x800,conjunto 20,3,607454,754,"758,40"
800x800,conjunto 20,4,682384,755,"758,40"
800x800,conjunto 20,5,689108,755,"758,40"
800x800,conjunto 20,6,664686,755,"758,40"
800x800,conjunto 20,7,671581,757,"758,40"
800x800,conjunto 20,8,670496,756,"758,40"
800x800,conjunto 20,9,671167,755,"758,40"
800x800,conjunto 20,10,679004,754,"758,40"
800x800,conjunto 24,1,777559,769,"770,60"
800x800,conjunto 24,2,804298,769,"770,60"
800x800,conjunto 24,3,738419,768,"770,60"
800x800,conjunto 24,4,755009,767,"770,60"
800x800,conjunto 24,5,383674,768,"770,60"
800x800,conjunto 24,6,731808,768,"770,60"
800x800,conjunto 24,7,771888,767,"770,60"
800x800,conjunto 24,8,762191,768,"770,60"
800x800,conjunto 24,9,739369,767,"770,60"
800x800,conjunto 24,10,748291,768,"770,60"
800x800,conjunto 28,1,873427,777,"778,00"
800x800,conjunto 28,2,861153,778,"778,00"
800x800,conjunto 28,3,822269,777,"778,00"
800x800,conjunto 28,4,871562,778,"778,00"
800x800,conjunto 28,5,888533,777,"778,00"
800x800,conjunto 28,6,834733,775,"778,00"
800x800,conjunto 28,7,435710,777,"778,00"
800x800,conjunto 28,8,864543,777,"778,00"
800x800,conjunto 28,9,796836,777,"778,00"
800x800,conjunto 28,10,849000,777,"778,00"
800x800,conjunto 30,1,861236,781,"781,20"
800x800,conjunto 30,2,952231,780,"781,20"
800x800,conjunto 30,3,914112,780,"781,20"
800x800,conjunto 30,4,885670,780,"781,20"
800x800,conjunto 30,5,947763,780,"781,20"
800x800,conjunto 30,6,482588,781,"781,20"
800x800,conjunto 30,7,952007,780,"781,20"
800x800,conjunto 30,8,901129,779,"781,20"
800x800,conjunto 30,9,900505,780,"781,20"
800x800,conjunto 30,10,902874,781,"781,20"
800x800,conjunto 34,1,1011294,784,"785,30"
800x800,conjunto 34,2,499885,783,"785,30"
800x800,conjunto 34,3,1057602,786,"785,30"
800x800,conjunto 34,4,980159,784,"785,30"
800x800,conjunto 34,5,500533,786,"785,30"
800x800,conjunto 34,6,960617,785,"785,30"
800x800,conjunto 34,7,1022913,785,"785,30"
800x800,conjunto 34,8,999118,785,"785,30"
800x800,conjunto 34,9,965856,785,"785,30"
800x800,conjunto 34,10,1016120,785,"785,30"
800x800,conjunto 38,1,1108596,789,"788,90"
800x800,conjunto 38,2,1111477,787,"788,90"
800x800,conjunto 38,3,1119973,788,"788,90"
800x800,conjunto 38,4,1147430,787,"788,90"
800x800,conjunto 38,5,1061316,787,"788,90"
800x800,conjunto 38,6,1026643,788,"788,90"
800x800,conjunto 38,7,1044325,787,"788,90"
800x800,conjunto 38,8,1060740,788,"788,90"
800x800,conjunto 38,9,1031770,787,"788,90"
800x800,conjunto 38,10,1071792,788,"788,90"
800x800,conjunto 40,1,1155832,789,"789,80"
800x800,conjunto 40,2,1155251,789,"789,80"
800x800,conjunto 40,3,1224047,790,"789,80"
800x800,conjunto 40,4,1176009,790,"789,80"
800x800,conjunto 40,5,1151556,789,"789,80"
800x800,conjunto 40,6,1153469,790,"789,80"
800x800,conjunto 40,7,1115702,790,"789,80"
800x800,conjunto 40,8,659661,790,"789,80"
800x800,conjunto 40,9,1137812,789,"789,80"
800x800,conjunto 40,10,1158174,789,"789,80"
800x800,conjunto 44,1,1257701,791,"791,90"
800x800,conjunto 44,2,1232399,792,"791,90"
800x800,conjunto 44,3,1235785,792,"791,90"
800x800,conjunto 44,4,1222778,791,"791,90"
800x800,conjunto 44,5,1220659,791,"791,90"
800x800,conjunto 44,6,625697,791,"791,90"
800x800,conjunto 44,7,1235723,792,"791,90"
800x800,conjunto 44,8,1257175,791,"791,90"
800x800,conjunto 44,9,1243871,791,"791,90"
800x800,conjunto 44,10,1243639,791,"791,90"
800x800,conjunto 48,1,1307671,793,"793,20"
800x800,conjunto 48,2,1394730,793,"793,20"
800x800,conjunto 48,3,1487299,793,"793,20"
800x800,conjunto 48,4,1307264,792,"793,20"
800x800,conjunto 48,5,1328790,793,"793,20"
800x800,conjunto 48,6,1307810,793,"793,20"
800x800,conjunto 48,7,1359345,792,"793,20"
800x800,conjunto 48,8,1339410,793,"793,20"
800x800,conjunto 48,9,1339219,793,"793,20"
800x800,conjunto 48,10,1288325,793,"793,20"
800x800,conjunto 50,1,1334021,793,"793,80"
800x800,conjunto 50,2,1385979,794,"793,80"
800x800,conjunto 50,3,1411041,793,"793,80"
800x800,conjunto 50,4,1435431,794,"793,80"
800x800,conjunto 50,5,1361334,793,"793,80"
800x800,conjunto 50,6,1366099,793,"793,80"
800x800,conjunto 50,7,1372399,794,"793,80"
800x800,conjunto 50,8,1391760,793,"793,80"
800x800,conjunto 50,9,1367406,793,"793,80"
800x800,conjunto 50,10,704544,793,"793,80"
1000x1000,conjunto 2,1,252037,172,"200,80"
1000x1000,conjunto 2,2,242627,172,"200,80"
1000x1000,conjunto 2,3,244430,168,"200,80"
1000x1000,conjunto 2,4,246264,179,"200,80"
1000x1000,conjunto 2,5,252401,174,"200,80"
1000x1000,conjunto 2,6,253262,169,"200,80"
1000x1000,conjunto 2,7,243278,173,"200,80"
1000x1000,conjunto 2,8,129328,171,"200,80"
1000x1000,conjunto 2,9,261557,166,"200,80"
1000x1000,conjunto 2,10,239551,171,"200,80"
1000x1000,conjunto 4,1,311957,396,"439,30"
1000x1000,conjunto 4,2,325562,392,"439,30"
1000x1000,conjunto 4,3,299712,419,"439,30"
1000x1000,conjunto 4,4,311962,399,"439,30"
1000x1000,conjunto 4,5,310533,411,"439,30"
1000x1000,conjunto 4,6,316321,389,"439,30"
1000x1000,conjunto 4,7,311084,406,"439,30"
1000x1000,conjunto 4,8,303175,387,"439,30"
1000x1000,conjunto 4,9,318336,395,"439,30"
1000x1000,conjunto 4,10,312074,402,"439,30"
1000x1000,conjunto 6,1,384077,613,"630,90"
1000x1000,conjunto 6,2,378090,608,"630,90"
1000x1000,conjunto 6,3,360888,589,"630,90"
1000x1000,conjunto 6,4,376152,594,"630,90"
1000x1000,conjunto 6,5,386037,605,"630,90"
1000x1000,conjunto 6,6,370387,609,"630,90"
1000x1000,conjunto 6,7,396668,589,"630,90"
1000x1000,conjunto 6,8,388040,611,"630,90"
1000x1000,conjunto 6,9,391092,615,"630,90"
1000x1000,conjunto 6,10,387672,613,"630,90"
1000x1000,conjunto 8,1,461576,730,"748,60"
1000x1000,conjunto 8,2,434129,723,"748,60"
1000x1000,conjunto 8,3,463894,725,"748,60"
1000x1000,conjunto 8,4,459139,734,"748,60"
1000x1000,conjunto 8,5,444666,737,"748,60"
1000x1000,conjunto 8,6,456192,730,"748,60"
1000x1000,conjunto 8,7,236710,724,"748,60"
1000x1000,conjunto 8,8,425118,724,"748,60"
1000x1000,conjunto 8,9,451857,730,"748,60"
1000x1000,conjunto 8,10,457972,731,"748,60"
1000x1000,conjunto 10,1,267651,803,"821,20"
1000x1000,conjunto 10,2,547039,810,"821,20"
1000x1000,conjunto 10,3,494419,800,"821,20"
1000x1000,conjunto 10,4,512051,801,"821,20"
1000x1000,conjunto 10,5,542354,807,"821,20"
1000x1000,conjunto 10,6,510023,810,"821,20"
1000x1000,conjunto 10,7,494218,810,"821,20"
1000x1000,conjunto 10,8,530004,820,"821,20"
1000x1000,conjunto 10,9,262378,804,"821,20"
1000x1000,conjunto 10,10,502626,811,"821,20"
1000x1000,conjunto 14,1,644193,889,"899,10"
1000x1000,conjunto 14,2,656747,894,"899,10"
1000x1000,conjunto 14,3,669654,891,"899,10"
1000x1000,conjunto 14,4,657087,890,"899,10"
1000x1000,conjunto 14,5,616346,886,"899,10"
1000x1000,conjunto 14,6,660633,891,"899,10"
1000x1000,conjunto 14,7,643394,890,"899,10"
1000x1000,conjunto 14,8,641427,894,"899,10"
1000x1000,conjunto 14,9,348572,892,"899,10"
1000x1000,conjunto 14,10,631085,892,"899,10"
1000x1000,conjunto 18,1,783736,931,"935,10"
1000x1000,conjunto 18,2,773692,932,"935,10"
1000x1000,conjunto 18,3,790365,932,"935,10"
1000x1000,conjunto 18,4,787099,930,"935,10"
1000x1000,conjunto 18,5,784680,932,"935,10"
1000x1000,conjunto 18,6,765106,932,"935,10"
1000x1000,conjunto 18,7,769153,932,"935,10"
1000x1000,conjunto 18,8,759328,932,"935,10"
1000x1000,conjunto 18,9,791573,932,"935,10"
1000x1000,conjunto 18,10,788739,930,"935,10"
1000x1000,conjunto 20,1,849362,945,"945,90"
1000x1000,conjunto 20,2,828159,942,"945,90"
1000x1000,conjunto 20,3,883787,942,"945,90"
1000x1000,conjunto 20,4,442528,945,"945,90"
1000x1000,conjunto 20,5,865661,940,"945,90"
1000x1000,conjunto 20,6,819635,943,"945,90"
1000x1000,conjunto 20,7,871241,944,"945,90"
1000x1000,conjunto 20,8,845040,943,"945,90"
1000x1000,conjunto 20,9,805995,945,"945,90"
1000x1000,conjunto 20,10,837332,940,"945,90"
1000x1000,conjunto 24,1,1041594,960,"962,90"
1000x1000,conjunto 24,2,999850,961,"962,90"
1000x1000,conjunto 24,3,485305,961,"962,90"
1000x1000,conjunto 24,4,983823,961,"962,90"
1000x1000,conjunto 24,5,954857,961,"962,90"
1000x1000,conjunto 24,6,983431,960,"962,90"
1000x1000,conjunto 24,7,979838,961,"962,90"
1000x1000,conjunto 24,8,972260,961,"962,90"
1000x1000,conjunto 24,9,996190,960,"962,90"
1000x1000,conjunto 24,10,991817,963,"962,90"
1000x1000,conjunto 28,1,1083141,971,"972,10"
1000x1000,conjunto 28,2,1091448,970,"972,10"
1000x1000,conjunto 28,3,1185308,973,"972,10"
1000x1000,conjunto 28,4,1137482,971,"972,10"
1000x1000,conjunto 28,5,1086755,972,"972,10"
1000x1000,conjunto 28,6,1081673,972,"972,10"
1000x1000,conjunto 28,7,1116279,970,"972,10"
1000x1000,conjunto 28,8,1100703,972,"972,10"
1000x1000,conjunto 28,9,1114985,971,"972,10"
1000x1000,conjunto 28,10,1112798,971,"972,10"
1000x1000,conjunto 30,1,1149718,975,"975,30"
1000x1000,conjunto 30,2,1220176,975,"975,30"
1000x1000,conjunto 30,3,1060814,974,"975,30"
1000x1000,conjunto 30,4,1197978,975,"975,30"
1000x1000,conjunto 30,5,1163102,975,"975,30"
1000x1000,conjunto 30,6,1152502,975,"975,30"
1000x1000,conjunto 30,7,1126234,974,"975,30"
1000x1000,conjunto 30,8,1119001,974,"975,30"
1000x1000,conjunto 30,9,1215836,975,"975,30"
1000x1000,conjunto 30,10,1162412,976,"975,30"
1000x1000,conjunto 34,1,1284154,981,"981,60"
1000x1000,conjunto 34,2,1362567,980,"981,60"
1000x1000,conjunto 34,3,1359779,981,"981,60"
1000x1000,conjunto 34,4,1298852,979,"981,60"
1000x1000,conjunto 34,5,1291013,981,"981,60"
1000x1000,conjunto 34,6,1248833,982,"981,60"
1000x1000,conjunto 34,7,1303169,980,"981,60"
1000x1000,conjunto 34,8,1224295,980,"981,60"
1000x1000,conjunto 34,9,1243866,981,"981,60"
1000x1000,conjunto 34,10,1254443,982,"981,60"
1000x1000,conjunto 38,1,693105,984,"985,00"
1000x1000,conjunto 38,2,1411158,984,"985,00"
1000x1000,conjunto 38,3,1397708,985,"985,00"
1000x1000,conjunto 38,4,1377688,986,"985,00"
1000x1000,conjunto 38,5,1365005,984,"985,00"
1000x1000,conjunto 38,6,1435789,984,"985,00"
1000x1000,conjunto 38,7,1360685,985,"985,00"
1000x1000,conjunto 38,8,1378258,984,"985,00"
1000x1000,conjunto 38,9,1445469,985,"985,00"
1000x1000,conjunto 38,10,1442961,985,"985,00"
1000x1000,conjunto 40,1,1421500,986,"986,70"
1000x1000,conjunto 40,2,1542430,987,"986,70"
1000x1000,conjunto 40,3,1456689,987,"986,70"
1000x1000,conjunto 40,4,1547376,987,"986,70"
1000x1000,conjunto 40,5,1414085,986,"986,70"
1000x1000,conjunto 40,6,1582713,986,"986,70"
1000x1000,conjunto 40,7,1505847,986,"986,70"
1000x1000,conjunto 40,8,1469506,986,"986,70"
1000x1000,conjunto 40,9,1327710,987,"986,70"
1000x1000,conjunto 40,10,1481491,986,"986,70"
1000x1000,conjunto 44,1,1614926,989,"989,20"
1000x1000,conjunto 44,2,1551042,989,"989,20"
1000x1000,conjunto 44,3,1637670,989,"989,20"
1000x1000,conjunto 44,4,1668311,989,"989,20"
1000x1000,conjunto 44,5,1619932,989,"989,20"
1000x1000,conjunto 44,6,1658591,989,"989,20"
1000x1000,conjunto 44,7,1661213,988,"989,20"
1000x1000,conjunto 44,8,1622962,989,"989,20"
1000x1000,conjunto 44,9,1675029,989,"989,20"
1000x1000,conjunto 44,10,1665772,989,"989,20"
1000x1000,conjunto 48,1,1757176,990,"991,40"
1000x1000,conjunto 48,2,1639667,991,"991,40"
1000x1000,conjunto 48,3,1685859,991,"991,40"
1000x1000,conjunto 48,4,1747299,991,"991,40"
1000x1000,conjunto 48,5,1788297,991,"991,40"
1000x1000,conjunto 48,6,847482,991,"991,40"
1000x1000,conjunto 48,7,1640618,990,"991,40"
1000x1000,conjunto 48,8,1696420,991,"991,40"
1000x1000,conjunto 48,9,1766031,991,"991,40"
1000x1000,conjunto 48,10,1750036,991,"991,40"
1000x1000,conjunto 50,1,1684636,990,"991,60"
1000x1000,conjunto 50,2,1725845,992,"991,60"
1000x1000,conjunto 50,3,1775331,992,"991,60"
1000x1000,conjunto 50,4,1742279,991,"991,60"
1000x1000,conjunto 50,5,1771285,992,"991,60"
1000x1000,conjunto 50,6,1725194,992,"991,60"
1000x1000,conjunto 50,7,1930298,992,"991,60"
1000x1000,conjunto 50,8,1707124,992,"991,60"
1000x1000,conjunto 50,9,1691758,992,"991,60"
1000x1000,conjunto 50,10,1763755,992,"991,60"
1000x1000,conjunto 54,1,1980018,993,"992,90"
1000x1000,conjunto 54,2,1888941,993,"992,90"
1000x1000,conjunto 54,3,1852596,993,"992,90"
1000x1000,conjunto 54,4,1915289,993,"992,90"
1000x1000,conjunto 54,5,1899012,993,"992,90"
1000x1000,conjunto 54,6,1880866,993,"992,90"
1000x1000,conjunto 54,7,1922803,993,"992,90"
1000x1000,conjunto 54,8,1944301,993,"992,90"
1000x1000,conjunto 54,9,1915544,993,"992,90"
1000x1000,conjunto 54,10,1907697,993,"992,90"